<zimlet name="com_zimbra_asterisk" version="1.0" description="Asterisk"
        xmlns:html="http://www.w3.org/1999/xhtml">
	<summary>
		This zimlet provides an interface to an Asterisk PBX
	</summary>
	<include>asterisk.js</include>
	<includeCSS>asterisk.css</includeCSS>
	<resource>asterisk.gif</resource>
	<handlerObject>Com_Zimbra_Asterisk</handlerObject>

	<contentObject type="Asterisk">
		<matchOn>
			<regex attrs="ig">(^|\W)(?:(?:\(\d{3}\)[-_.\s]?|\d-?\d{3}[-_.\s]?))?\d{3}[-_.\s]\d{4}(\W|$)</regex>
		</matchOn>

		<toolTip>
			<html:span style="font: 120% Georgia;">Call <b>${src.objectContent}</b> through Asterisk</html:span>
		</toolTip>
		<contextMenu>
			<menuItem label="Call" id="ICALL"/>
		</contextMenu>

	</contentObject>

	<contextMenu>
		<menuItem label="Call" id="CALL"/>
	</contextMenu>

	<zimletPanelItem label="Asterisk" icon="ASTK-panelIcon">
		<toolTipText>Click to access the phone server, or drop a contact or appointment</toolTipText>
		<dragSource type="ZmContact"/>
		<dragSource type="ZmAppt"/>
		<contextMenu>
			<menuItem label="Preferences..." id="PREFERENCES"/>
			<menuItem label="Phone Server" id="SERVERWEBPAGE" icon="ASTK-panelIcon">
				<canvas type="window" width="800" height="600"/>
				<actionUrl target="http://asterisk">
					<param name="referrer">www.zimbra.com</param>
				</actionUrl>
			</menuItem>
		</contextMenu>
	</zimletPanelItem>

	<userProperties>
		<property type="string" name="pbxUname" minLength="0" maxLength="32" label="PBX Username"/>
		<property type="password" name="pbxPass" minLength="0" maxLength="32" label="PBX Password"/>
		<property type="string" name="myConfBridge" minLength="0" maxLength="32" label="My Conference Bridge"/>
		<property type="string" name="myMobileNum" minLength="0" maxLength="32" label="My Mobile Number"/>
		<property type="string" name="myDeskNum" minLength="0" maxLength="32" label="My Desk Number"/>
		<property type="enum" name="defaultNum" width="100" label="Default Number" value="myMobileNum">
			<item label="Bridge" value="myConfBridge"/>
			<item label="Mobile" value="myMobileNum"/>
			<item label="Desk" value="myDeskNum"/>
		</property>
	</userProperties>
</zimlet>
